{
  "contacts": [
    {
      "name": "Naveen",
      "profilePhoto": "C:\\fakepath\\IMG20230227164718.jpg",
      "email": "naresh@gmail.com",
      "gender": "female",
      "state": "AZ",
      "id": "63CbtuK"
    },
    {
      "name": "Naveen",
      "profilePhoto": "C:\\fakepath\\IMG20230227164744.jpg",
      "email": "ebnavee@gmail.com",
      "gender": "male",
      "state": "AZ",
      "id": "GH7JvT4"
    },
    {
      "name": "Naveen",
      "profilePhoto": "C:\\fakepath\\IMG20230227164744.jpg",
      "email": "naresh@gmail.com",
      "gender": "male",
      "state": "AK",
      "id": "Ng4O_7K"
    },
    {
      "name": "Naveen",
      "profilePhoto": "",
      "email": "ebnavee@gmail.com",
      "gender": "male",
      "state": "AL",
      "id": "m6Tch2Q"
    },
    {
      "name": "asd",
      "profilePhoto": "",
      "email": "naresh@gmail.com",
      "gender": "male",
      "state": "Odisha",
      "id": "wEou9B2"
    }
  ],
  "groups": [
    {
      "id": "1",
      "name": "Colleague"
    },
    {
      "id": "2",
      "name": "Friend"
    },
    {
      "id": "3",
      "name": "Family"
    },
    {
      "id": "4",
      "name": "Service"
    },
    {
      "id": "5",
      "name": "Community"
    },
    {
      "id": "6",
      "name": "Social"
    }
  ]
}